timestamp,payments_latency_p99_ms,payments_error_rate_pct,checkout_latency_p99_ms,checkout_error_rate_pct,auth_latency_p99_ms,redis_memory_pct,db_active_connections
2026-05-15T14:00:00Z,238,0.2,198,0.3,92,62.1,94
2026-05-15T14:01:00Z,245,0.2,201,0.3,89,62.4,96
2026-05-15T14:02:00Z,240,0.1,195,0.2,91,63.0,93
2026-05-15T14:03:00Z,251,0.2,210,0.4,94,63.8,97
2026-05-15T14:04:00Z,247,0.3,205,0.3,90,64.5,95
2026-05-15T14:05:00Z,244,0.2,200,0.2,88,65.3,98
2026-05-15T14:06:00Z,255,0.2,212,0.3,93,66.0,100
2026-05-15T14:07:00Z,249,0.3,208,0.4,95,66.9,101
2026-05-15T14:08:00Z,243,0.2,203,0.3,91,67.7,99
2026-05-15T14:09:00Z,250,0.2,207,0.3,89,68.6,103
2026-05-15T14:10:00Z,248,0.2,201,0.3,92,69.4,102
2026-05-15T14:11:00Z,253,0.3,209,0.4,94,70.3,105
2026-05-15T14:12:00Z,244,0.2,198,0.2,90,71.2,104
2026-05-15T14:13:00Z,251,0.2,205,0.3,93,72.0,107
2026-05-15T14:14:00Z,246,0.3,202,0.4,91,72.9,106
2026-05-15T14:15:00Z,250,0.2,207,0.3,95,73.8,109
2026-05-15T14:16:00Z,256,0.2,211,0.3,92,74.6,110
2026-05-15T14:17:00Z,249,0.3,204,0.4,94,75.5,112
2026-05-15T14:18:00Z,254,0.2,208,0.3,90,76.4,113
2026-05-15T14:19:00Z,251,0.2,206,0.3,93,77.3,115
2026-05-15T14:20:00Z,258,0.3,212,0.4,96,78.1,117
2026-05-15T14:21:00Z,261,0.3,215,0.4,98,79.0,119
2026-05-15T14:22:00Z,265,0.3,218,0.5,101,79.9,121
2026-05-15T14:23:00Z,270,0.4,221,0.5,104,80.8,123
2026-05-15T14:24:00Z,278,0.4,225,0.6,107,81.7,126
2026-05-15T14:25:00Z,285,0.5,230,0.6,110,82.6,128
2026-05-15T14:26:00Z,295,0.5,238,0.7,115,83.5,131
2026-05-15T14:27:00Z,308,0.6,245,0.8,119,84.3,135
2026-05-15T14:28:00Z,322,0.7,254,0.9,125,85.4,139
2026-05-15T14:29:00Z,341,0.9,265,1.1,134,87.2,145
2026-05-15T14:30:00Z,378,1.2,289,1.5,148,93.1,156
2026-05-15T14:31:00Z,1820,3.8,612,3.2,189,94.2,168
2026-05-15T14:32:00Z,2104,5.4,841,5.1,234,94.8,179
2026-05-15T14:33:00Z,2356,7.9,1023,8.2,278,95.1,188
2026-05-15T14:34:00Z,2587,10.2,1185,9.7,312,95.4,193
2026-05-15T14:35:00Z,2723,12.8,1268,10.4,341,95.7,197
2026-05-15T14:36:00Z,2891,14.7,1342,11.2,378,95.9,199
2026-05-15T14:37:00Z,3012,15.3,1389,11.8,402,96.0,199
2026-05-15T14:38:00Z,3104,15.8,1421,12.1,431,96.2,200
2026-05-15T14:39:00Z,3156,16.1,1438,12.3,468,96.3,200
2026-05-15T14:40:00Z,3201,16.4,1452,12.5,489,96.4,200
2026-05-15T14:41:00Z,3187,16.2,1448,12.4,512,96.4,200
2026-05-15T14:42:00Z,3245,16.7,1467,12.8,548,96.5,200
2026-05-15T14:43:00Z,3289,17.1,1481,13.0,579,96.5,200
2026-05-15T14:44:00Z,3312,17.3,1493,13.2,598,96.6,200
2026-05-15T14:45:00Z,3298,17.2,1487,13.1,612,96.6,200
2026-05-15T14:46:00Z,3334,17.5,1502,13.4,634,96.7,200
2026-05-15T14:47:00Z,3356,17.7,1514,13.5,651,96.7,200
2026-05-15T14:48:00Z,3378,17.9,1521,13.7,668,96.8,200
2026-05-15T14:49:00Z,3401,18.1,1532,13.8,679,96.8,200
2026-05-15T14:50:00Z,3389,18.0,1528,13.8,684,96.8,200
2026-05-15T14:51:00Z,3412,18.2,1541,14.0,691,96.9,200
2026-05-15T14:52:00Z,3434,18.4,1553,14.1,702,96.9,200
2026-05-15T14:53:00Z,3445,18.5,1559,14.2,713,96.9,200
2026-05-15T14:54:00Z,3456,18.6,1565,14.3,721,97.0,200
2026-05-15T14:55:00Z,3478,18.8,1572,14.5,734,97.0,200
2026-05-15T14:56:00Z,3489,18.9,1579,14.6,742,97.0,200
2026-05-15T14:57:00Z,3501,19.0,1584,14.7,751,97.0,200
2026-05-15T14:58:00Z,3512,19.1,1591,14.8,759,97.1,200
2026-05-15T14:59:00Z,3523,19.2,1598,14.9,768,97.1,200
2026-05-15T15:00:00Z,3534,19.3,1604,15.0,774,97.1,200
2026-05-15T15:01:00Z,3528,19.2,1601,14.9,781,97.1,200
2026-05-15T15:02:00Z,3489,18.9,1587,14.7,772,96.9,199
2026-05-15T15:03:00Z,3201,17.4,1467,13.2,712,95.8,194
2026-05-15T15:04:00Z,2734,14.2,1234,10.8,589,93.2,182
2026-05-15T15:05:00Z,2134,10.7,978,8.1,432,89.4,167
2026-05-15T15:06:00Z,1487,7.3,712,5.4,298,84.7,151
2026-05-15T15:07:00Z,978,4.2,498,3.1,201,78.3,138
2026-05-15T15:08:00Z,612,2.1,341,1.8,142,71.5,124
2026-05-15T15:09:00Z,398,1.0,267,1.0,108,67.2,112
2026-05-15T15:10:00Z,312,0.6,232,0.7,98,64.8,104
2026-05-15T15:11:00Z,268,0.4,212,0.5,93,63.4,99
2026-05-15T15:12:00Z,247,0.3,202,0.4,91,62.7,96
2026-05-15T15:13:00Z,241,0.2,198,0.3,89,62.3,94
2026-05-15T15:14:00Z,245,0.2,201,0.3,91,62.1,95
2026-05-15T15:15:00Z,239,0.2,196,0.3,90,62.0,93
2026-05-15T15:16:00Z,243,0.3,199,0.4,92,61.9,97
2026-05-15T15:17:00Z,246,0.2,202,0.3,89,61.8,94
2026-05-15T15:18:00Z,240,0.2,197,0.2,91,61.8,95
2026-05-15T15:19:00Z,244,0.3,200,0.3,93,61.7,96
2026-05-15T15:20:00Z,238,0.2,195,0.3,90,61.7,93
2026-05-15T15:21:00Z,247,0.2,203,0.3,92,61.6,98
2026-05-15T15:22:00Z,241,0.3,198,0.4,89,61.6,95
2026-05-15T15:23:00Z,245,0.2,201,0.3,91,61.5,94
2026-05-15T15:24:00Z,243,0.2,199,0.3,93,61.5,96
2026-05-15T15:25:00Z,239,0.3,196,0.4,90,61.4,93
2026-05-15T15:26:00Z,246,0.2,202,0.3,92,61.4,97
2026-05-15T15:27:00Z,242,0.2,198,0.3,89,61.3,94
2026-05-15T15:28:00Z,244,0.3,200,0.4,91,61.3,95
2026-05-15T15:29:00Z,240,0.2,197,0.3,93,61.2,96
2026-05-15T15:30:00Z,247,0.2,203,0.3,90,61.2,94
